Timestamp,Your Validator Name:,Your Discord Username:,Your Telegram Username:,Your Validator Vote Key:,Your Validator Identity Key:,Please specify the wallet address designated for your Stake-as-a-Service subscription billing:,Your Twitter Username:
3/31/2025 18:45:00,ValidatorWorks,@validatorworks,,1KXz4xKV2viJCGpxqnQqdf2J45vQr5USdmtcJLTaHkm,,,@validatorworks
3/31/2025 18:46:00,ValidatorHub,@validatorhub,@validatorhub,21wUViiyG1g47VZ39ZZsSkFX9nu6bkyfy6jryHGD2TUB,,,@validatorhub
3/31/2025 18:49:00,EpochCollective,@epochcollective,,2ZiMfQaT59j86HVWCvspuMtBotnVBeTc3BKk3kKpwgKP,,,@epochcollective
3/31/2025 18:48:00,QuantumHub,@quantumhub,@quantumhub,2ayMCC4aizr8RGg5ptXYqu8uoxW1whNek1hE1zaAd58z,,,@quantumhub
3/31/2025 18:57:00,SolanaGroup,@solanagroup,@solanagroup,2iWXwF2Q5W6o7yntV2mkbxncB4rYHnX61y3NU8a8EFMJ,,,@solanagroup
3/31/2025 19:00:00,LumenCollective,@lumencollective,,323d4ZiSqS1PwGwpJwD88jNPaGqkm7YYW2tJt2T8iFzo,,,@lumencollective
3/31/2025 18:57:00,ValidatorGroup,@validatorgroup,,3Xn3K5zeTzs4sURj1PCRaF6rvFg2hPgT49B4SiM998f7,,,@validatorgroup
3/31/2025 19:06:00,ChainGroup,@chaingroup,@chaingroup,3dXXxEaV4fZqw1PL7VezfDkiJV5W4WTtRjh2EHgKSthF,,,@chaingroup
3/31/2025 19:09:00,LumenGrid,@lumengrid,,3iPuTgpWaaC6jYEY7kd993QBthGsQTK3yPCrNJyPMhCD,,,@lumengrid
3/31/2025 18:54:00,BeaconGroup,@beacongroup,@beacongroup,3xjfK9C9YNcta8MvK1US4sQ3bc6DEjoJoR3qLExGf9xE,,,@beacongroup
3/31/2025 19:15:00,NodeSystems,@nodesystems,@nodesystems,4FsAxdHQ6HmFrDD7yCwsKNApuA67QYSCMoLAy3NfySxJ,,,@nodesystems
3/31/2025 18:56:00,BeaconCollective,@beaconcollective,,4m1PbxzwLdUnEwog3T9UKxgjktgriHgE1CfAhMqDw7Xx,,,@beaconcollective
3/31/2025 19:09:00,MeshDAO,@meshdao,@meshdao,4qvFxnUXYjBdcviCwVV7gKcGJMCENEBfS82hSLJUhyvu,,,@meshdao
3/31/2025 19:11:00,StakeSystems,@stakesystems,@stakesystems,5AC692spnjbegP7ttCXJEzUe8S81sLYsqJd8Ae6Zv1xU,,,@stakesystems
3/31/2025 19:27:00,EpochDAO,@epochdao,,5daP6pZoPSak6UEKuRg2HHjvTPpqqwB113oNamGNKuuZ,,,@epochdao
3/31/2025 19:00:00,SolanaSync,@solanasync,@solanasync,5iZ5PQPy5Z9XDnkfoWPi6nvUgtxWnRFwZ36WaftPuaVM,,,@solanasync
3/31/2025 19:33:00,ValidatorGroup,@validatorgroup,@validatorgroup,6JfBwvcz5QUKQJ37BMKTLrf968DDJBtwoZLw19aHwFtQ,,,@validatorgroup
3/31/2025 19:36:00,SolanaSync,@solanasync,@solanasync,6MP6Bun9VmkGcRVU4iF14Q8P7jTkGtQW9zVwmB9kCYyK,,,@solanasync
3/31/2025 19:39:00,ValidatorHub,@validatorhub,@validatorhub,6oscGUEkXE8fyWoC4czRKbM1cuLkJNtgRsX1Un6w88Vf,,,@validatorhub
3/31/2025 19:23:00,MeshSync,@meshsync,,76DafWkJ6pGK2hoD41HjrM4xTBhfKqrDYDazv13n5ir1,,,@meshsync
3/31/2025 19:45:00,ValidatorHub,@validatorhub,@validatorhub,7JZTyHRTmzHfmHH89uT9xKSKDVJ1VnNQ1FeTeM4iH3J2,,,@validatorhub
3/31/2025 19:27:00,MeshGroup,@meshgroup,@meshgroup,7K8DVxtNJGnMtUY1CQJT5jcs8sFGSZTDiG7kowvFpECh,,,@meshgroup
3/31/2025 19:51:00,EpochGroup,@epochgroup,,86Sw9R6ynPmXnHfwUWinXtq1QoF2KHesfQQyZG5r8sXo,,,@epochgroup
3/31/2025 19:08:00,BeaconLabs,@beaconlabs,,8DHFGo3fDB8GudbNLZEyExLzXQPwvY4twybPbxwDnffx,,,@beaconlabs
3/31/2025 19:57:00,ValidatorSync,@validatorsync,@validatorsync,8gJCfKzr55gM6DtAaFqoWjBGAmsJ71mpHem6qJAASBU4,,,@validatorsync
3/31/2025 20:00:00,SolanaGrid,@solanagrid,,91413b9eEvG6UofpSgwdUgH9Lz4QBF1G3J325Bw7JwGR,,,@solanagrid
3/31/2025 19:11:00,SolanaCollective,@solanacollective,@solanacollective,9Gko8QZBbV5SrEvHKtQHcMrGGSfgFP3KJUozEGifu25x,,,@solanacollective
3/31/2025 20:06:00,MeshSystems,@meshsystems,@meshsystems,9Q1cWVFNc4UgU7dyFy29mUyeDnNZWSDaJKYVAR5jLpaK,,,@meshsystems
3/31/2025 19:41:00,MeshSync,@meshsync,@meshsync,9f7dqiYNBZbgPesAnLeWnKCtxYHSfMg5x1EMZCJwVwG7,,,@meshsync
3/31/2025 20:12:00,LumenGrid,@lumengrid,@lumengrid,9jYFwBfbjYmvasFbJyES9apLJDTkwtbgSDRWanHEvcRw,,,@lumengrid
3/31/2025 19:45:00,MeshSync,@meshsync,@meshsync,9ymU1ayh9mZVyDL4dUUtXKtX1wCaFNzZPGutLJgqzuC1,,,@meshsync
3/31/2025 19:47:00,SolanaSystems,@solanasystems,@solanasystems,ACCRENAtboR1MyyoiPvwNZNkjt1GcLARrACh6hZXdddF,,,@solanasystems
3/31/2025 20:21:00,MeshGroup,@meshgroup,@meshgroup,AY271jdvcyo5VzBiWsMGLEjpZFFrarq8FDydJHLmYgCG,,,@meshgroup
3/31/2025 20:24:00,LumenGrid,@lumengrid,@lumengrid,Ac1beBKixfNdrTAac7GRaTsJTxLyvgGvJjvy4qQfvyfc,,,@lumengrid
3/31/2025 20:27:00,BeaconLabs,@beaconlabs,@beaconlabs,B1w6SZcyvjyp6zEyStcc8u9AxXAh2AbYvNzMmP9rRKE9,,,@beaconlabs
3/31/2025 19:20:00,ChainCollective,@chaincollective,,B6nDYYLc2iwYqY3zdmavMmU9GjUL2hf79MkufviM2bXv,,,@chaincollective
3/31/2025 19:21:00,ValidatorGrid,@validatorgrid,@validatorgrid,BANX7gZwUYFiFJKX9i2hHygy6DxixPutQoQW1U1oBdwt,,,@validatorgrid
3/31/2025 20:36:00,ValidatorCollective,@validatorcollective,@validatorcollective,BeSov1og3sEYyH9JY3ap7QcQDvVX8f4sugfNPf9YLkcV,,,@validatorcollective
3/31/2025 19:23:00,EpochOne,@epochone,@epochone,CHiaohVV2SQCFhiYP73iQzWT6HxnZqnAZJJqAYTeLAo,,,@epochone
3/31/2025 19:24:00,NodeOne,@nodeone,@nodeone,CNcaYdqkCwxDpKSVK8in5f6kqrTiZ5SuHsHFDqx6jNvu,,,@nodeone
3/31/2025 20:45:00,SolanaLabs,@solanalabs,@solanalabs,ChaosDKeBjU22B4nnvYWXyTRPuWTzJBR4m3QPfBw6Tta,,,@solanalabs
3/31/2025 20:07:00,StakeLabs,@stakelabs,@stakelabs,CogentC52e7kktFfWHwsqSmr8LiS1yAtfqhHcftCPcBJ,,,@stakelabs
3/31/2025 20:09:00,NodeCollective,@nodecollective,@nodecollective,CwSZ17woioM2bqEbaswZJYvx5pemN6t3shBcU6zqPHyG,,,@nodecollective
3/31/2025 20:11:00,QuantumGroup,@quantumgroup,@quantumgroup,D3QPJm7BDzzPeRG51YZSEz3LfV7GvFNu9NkcibzURxuj,,,@quantumgroup
3/31/2025 20:57:00,QuantumOne,@quantumone,@quantumone,DG6fVEB2Qy1jntvHVPui3R12CMqcwNNnjYPYdsbQ9ACP,,,@quantumone
3/31/2025 21:00:00,MeshSystems,@meshsystems,@meshsystems,DSzLJLUQD55sxaCsJBHLFSV1SYngMmT7oY8rLpFhyGgb,,,@meshsystems
3/31/2025 20:17:00,NodeGrid,@nodegrid,@nodegrid,DfpdmTsSCBPxCDwZwgBMfjjV8mF8xHkGRcXP8dJBVmrq,,,@nodegrid
3/31/2025 21:06:00,ChainHub,@chainhub,@chainhub,DriFTm3wM9ugxhCA1K3wVQMSdC4Dv4LNmyZMmZiuHRpp,,,@chainhub
3/31/2025 19:33:00,ChainCollective,@chaincollective,,DvFTFLrEQSfEadPQdesvf5bpYWYqXK9iaJAjq95piQBs,,,@chaincollective
3/31/2025 20:23:00,EpochSystems,@epochsystems,@epochsystems,DzQHN1oTdN85Sbku2bc9Fu9yEwrgRMiu2XbRcntZ31yb,,,@epochsystems
3/31/2025 19:35:00,QuantumGrid,@quantumgrid,,EARNynHRWg6GfyJCmrrizcZxARB3HVzcaasvNa8kBS72,,,@quantumgrid
3/31/2025 20:27:00,LumenSystems,@lumensystems,@lumensystems,EBVj3uwSKZpqEb1K267JaPxDQhULVqCy6hYeQqjsPh81,,,@lumensystems
3/31/2025 20:29:00,SolanaOne,@solanaone,@solanaone,EJHf5N9is5spAF5Kz384tTvTV3CwTka6qzUoZrYm53SV,,,@solanaone
3/31/2025 19:38:00,EpochGrid,@epochgrid,@epochgrid,ELE2xaC6i6pmeu7bfrYjBv4whBeTAbgwcg5hf2ythiBs,,,@epochgrid
3/31/2025 21:27:00,SolanaSystems,@solanasystems,,EMVmh5hF6LT1sZM9G7dEX1bykRYEymWY2vtE7QHBBAW6,,,@solanasystems
3/31/2025 20:35:00,LumenSystems,@lumensystems,@lumensystems,EdkhvJYa3kWQkFJAPzmGsQyi1D2JA5a7vwWw4hDuwbt,,,@lumensystems
3/31/2025 19:41:00,EpochLabs,@epochlabs,@epochlabs,EfnywDKqArxK6N6FS9ctsuzNdxfx3pzfXEQE5EevQ1SV,,,@epochlabs
3/31/2025 19:42:00,ChainSystems,@chainsystems,@chainsystems,Ehdn9LdjTAURQSMoDPERXLehtvzy7QD762wwPkzGT7RS,,,@chainsystems
3/31/2025 21:39:00,ValidatorDAO,@validatordao,@validatordao,EpicsoqLdDP8qRn3wQRKTSKAXbjK9dUgFfNPRQS77MQD,,,@validatordao
3/31/2025 20:43:00,NodeLabs,@nodelabs,@nodelabs,EtMSc3MvcDXUr6ChK5GxyFVwTxYA3zqP5XzjE9jwKvSV,,,@nodelabs
3/31/2025 21:45:00,ValidatorDAO,@validatordao,,FACqsS19VScz8oo2YhdMg35EsAy6xsCZ9Y58eJXGv8QJ,,,@validatordao
3/31/2025 21:48:00,SolanaOne,@solanaone,@solanaone,FCvNkHa4U3yh7AXWGGL2jWLWiSRouR8EtzY5WVTHKTHa,,,@solanaone
3/31/2025 21:51:00,StakeSystems,@stakesystems,,G1EAMrJcvzs5SwqAQRgDTjYBEGrxxJVwNS7qiUtB3akg,,,@stakesystems
3/31/2025 21:54:00,ChainLabs,@chainlabs,,G1juWDqojmp5CWDhgRqtXrtpAFw9xqhjmEQAKr9faf4V,,,@chainlabs
3/31/2025 21:57:00,EpochCollective,@epochcollective,@epochcollective,GA2t11gJcmuZ4y7pShTzgYDkxVaJaVQJqkVUqojhPPsT,,,@epochcollective
3/31/2025 19:50:00,NodeSync,@nodesync,@nodesync,GNZ1PAAS33davY4Q1BMEpZEpVBtRtGvSpcTH5wYVkkVt,,,@nodesync
3/31/2025 22:03:00,ChainOne,@chainone,@chainone,GREEDkpTvpKzcGvBu9qd36yk6BfjTWPShB67gLWuixMv,,,@chainone
3/31/2025 20:59:00,EpochGrid,@epochgrid,@epochgrid,GdVBPczdFaPf1GXvx8ByHeA1ZHAHwwmdQEPihH74SXm9,,,@epochgrid
3/31/2025 21:01:00,ChainWorks,@chainworks,@chainworks,GiXx1mwSR44Tz96CaDqoadzAhZgZv7e3yZshqUwiEwwh,,,@chainworks
3/31/2025 19:54:00,ChainGroup,@chaingroup,,Gvt8s5Bwnhg4G27VbnT1Zkfh7Jsztq6CNvZcc5anPonS,,,@chaingroup
3/31/2025 19:55:00,MeshDAO,@meshdao,@meshdao,H7fXvnLCKtZqJBTipxeseabGfAZUdHJ9XuP6hCKrbvUb,,,@meshdao
3/31/2025 21:07:00,NodeWorks,@nodeworks,@nodeworks,HMV14UAuULSwqmZhsKHzaVkYAd94iWpEeURgbUegfQLc,,,@nodeworks
3/31/2025 21:09:00,ChainSystems,@chainsystems,@chainsystems,HMk1qny4fvMnajErxjXG5kT89JKV4cx1PKa9zhQBF9ib,,,@chainsystems
3/31/2025 22:24:00,ChainWorks,@chainworks,@chainworks,J1to3PQfXidUUhprQWgdKkQAMWPJAEqSJ7amkBDE9qhF,,,@chainworks
3/31/2025 22:27:00,ValidatorGroup,@validatorgroup,@validatorgroup,Luck3DN3HhkV6oc7rPQ1hYGgU3b5AhdKW9o1ob6AyU9,,,@validatorgroup
3/31/2025 20:00:00,StakeGrid,@stakegrid,@stakegrid,Luna8BkZNpZ9DKmszrZYPvFpTr4eJJfxxTnGDwTrYkv,,,@stakegrid
3/31/2025 22:33:00,ValidatorDAO,@validatordao,@validatordao,LunarE7WQyxpPwKo2hkEZZquu6UDWMNjvf3JyzGmdfp,,,@validatordao
3/31/2025 22:36:00,QuantumGrid,@quantumgrid,@quantumgrid,MNDE6ueF5uMvyk3ohq7wWZ8H749pbpj1yHj2MvMRCJM,,,@quantumgrid
3/31/2025 20:03:00,NodeOne,@nodeone,@nodeone,NeodymeDFipD7eA1ShrLJAZTBdHWcFsDB9YkoHshZNk,,,@nodeone
3/31/2025 22:42:00,EpochSystems,@epochsystems,@epochsystems,PineDoC593nrX16W8ZLWfF5Evb6otv7fRfZMLjPAHe3,,,@epochsystems
3/31/2025 21:25:00,BeaconSystems,@beaconsystems,@beaconsystems,SBLZib4npE7svxFA7AsD3ytdQAfYNb39c8zsU82AA2E,,,@beaconsystems
3/31/2025 21:27:00,StakeCollective,@stakecollective,@stakecollective,StepeLdhJ2znRjHcZdjwMWsC4nTRURNKQY8Nca82LJp,,,@stakecollective
3/31/2025 22:51:00,ValidatorHub,@validatorhub,@validatorhub,THWfRpcJSC7oDrNMSCcixTZmCHVBTEVQL4qnd1UTD1x,,,@validatorhub
3/31/2025 22:54:00,LumenLabs,@lumenlabs,@lumenlabs,TKMA1fBGq4M7gF2CNnhphX6vNateFc2cm2FL2mYwq7e,,,@lumenlabs
3/31/2025 20:09:00,EpochOne,@epochone,@epochone,VotESBSkLKU8vebS6wTR2rzWWJsLc6YThYS6tebPxXq,,,@epochone
3/31/2025 21:35:00,ValidatorGrid,@validatorgrid,,adraBKLNY3DL3pg6SJRDYiMA8BsznaWpUdE42X41gbP,,,@validatorgrid
3/31/2025 23:03:00,QuantumDAO,@quantumdao,@quantumdao,axyQeKp44XqUnvC1jVHoeuAJ3j8wVnGeWtddeAcNYcF,,,@quantumdao
3/31/2025 21:39:00,MeshSystems,@meshsystems,@meshsystems,bXr9MyoUAaGusQZ4gaUPmSZByHAV7RRGr1FhCW5tFh8,,,@meshsystems
3/31/2025 20:13:00,EpochLabs,@epochlabs,@epochlabs,bookLxG3LkSmt4htJ1x9zPw6E34RRMAi7sUn5mM3CNN,,,@epochlabs
3/31/2025 21:43:00,MeshOne,@meshone,@meshone,burnn86ebxJnhtk3cfpHoZxy5nUaC3K9U8VwzgqhEEt,,,@meshone
3/31/2025 23:15:00,SolanaGrid,@solanagrid,@solanagrid,chrtyiAw8suFRvS7rTcfgcDyNu49bGPNZ2fjSPzNPFr,,,@solanagrid
3/31/2025 21:47:00,ValidatorCollective,@validatorcollective,@validatorcollective,dedxrPfNqPKBRmUyP9LDkaitpQzU6PD44jA6GP9Ndhk,,,@validatorcollective
3/31/2025 20:17:00,BeaconHub,@beaconhub,,eyeVhGmVEoPSWmQU2wP5WZmMihPBTCk7kMMm4VhuAKS,,,@beaconhub
3/31/2025 23:24:00,StakeCollective,@stakecollective,@stakecollective,fVotEjqpmpQYgyVyBCwYm62BKqqTQNE6SpYnRmdBazH,,,@stakecollective
3/31/2025 23:27:00,QuantumGroup,@quantumgroup,,fuyugZxM5S4NyV3ZYoc6ebs3fmRTrZ3X27MKCFvHpVD,,,@quantumgroup
3/31/2025 23:30:00,MeshSystems,@meshsystems,@meshsystems,gVot34jauJpexBL2YUSPBKsmZ4V2ffmDcRk4yfSEnx8,,,@meshsystems
3/31/2025 20:21:00,SolanaSync,@solanasync,@solanasync,gangtRyGPTvYWb8K3xS2feJQaCks4iJ7rytFUPtVqSY,,,@solanasync
3/31/2025 23:36:00,EpochGroup,@epochgroup,@epochgroup,goJiRADNdmfnJ4iWEyft7KaYMPTVsRba2Ee1akDEBXb,,,@epochgroup
3/31/2025 23:39:00,SolanaOne,@solanaone,@solanaone,gridZ5cMHjWGktAQt6o36NtF7XSv19nJBrW83zmo7BM,,,@solanaone
3/31/2025 22:03:00,ValidatorSync,@validatorsync,@validatorsync,hxVjzDmta9TuN1gM981TRKnfwG2uZ9TQDGwSCs3uDow,,,@validatorsync
3/31/2025 22:05:00,StakeOne,@stakeone,@stakeone,juicQdAnksqZ5Yb8NQwCLjLWhykvXGktxnQCDvMe6Nx,,,@stakeone
3/31/2025 22:07:00,EpochSync,@epochsync,@epochsync,masvNDXtxVVMrYSV84RMry97JyHXAFcdfTZJ5VzpSYR,,,@epochsync
3/31/2025 20:27:00,NodeHub,@nodehub,@nodehub,mesh3Px7WMi7Dkxke4ZZBULoKHM6sp37wKtg4DwPqPY,,,@nodehub
3/31/2025 22:11:00,ChainLabs,@chainlabs,,metaRWEc85haGPz6P79kiuG3F8JXKjR7oQr2zjokUCU,,,@chainlabs
3/31/2025 20:29:00,NodeGroup,@nodegroup,,mythxna3hpzXSbaseyR12vu5Vvym1HxS92eCgXLvY7w,,,@nodegroup
4/1/2025 00:00:00,BeaconWorks,@beaconworks,@beaconworks,nateBZg7oHVPLB2samBLkKvfzedU3ALZBexMFPMKjn1,,,@beaconworks
4/1/2025 00:03:00,NodeSync,@nodesync,,nebu1WnZBrFZz5X7sfPWuEqyb8LBSsrXpxaesnK9CRE,,,@nodesync
3/31/2025 22:19:00,NodeSync,@nodesync,@nodesync,o27rnqfNHPwHsRp2xPXXwWzn2q2dGxn6UD4Rt5KMU5h,,,@nodesync
3/31/2025 20:33:00,NodeSync,@nodesync,@nodesync,oRAnGeU5h8h2UkvbfnE5cjXnnAa4rBoaxmS4kbFymSe,,,@nodesync
3/31/2025 22:23:00,NodeSystems,@nodesystems,@nodesystems,pENgUh4K9zNacyU3PXVE9KugW98XCqZsWpEvA8d8wzX,,,@nodesystems
4/1/2025 00:15:00,BeaconDAO,@beacondao,@beacondao,phz34EcgWRCT9otPzRS2JtSzVHxQJk4SovqJvV1TQk8,,,@beacondao
4/1/2025 00:18:00,ValidatorDAO,@validatordao,@validatordao,radYEig9KGrMTMWbWRFV7LStotQbnLgPaEFHVDsudQz,,,@validatordao
3/31/2025 20:37:00,EpochLabs,@epochlabs,,rapxbkwBSSvtqRFrsY83f51oUuZNuVXci74MuzYhiCy,,,@epochlabs
3/31/2025 22:31:00,BeaconOne,@beaconone,@beaconone,sTach38ebT8jnGH8i2D1g8NDAS6An19whVMnSSWPXt4,,,@beaconone
3/31/2025 22:33:00,ChainGrid,@chaingrid,@chaingrid,sagasJDjjAHND4hien3bbo5xXkzCT5Ss6nKjyUJ45aw,,,@chaingrid
3/31/2025 20:40:00,MeshCollective,@meshcollective,@meshcollective,steakxfubt37xYdvuXz7BV5Uhhhk1FyJx9zGHfDcTVr,,,@meshcollective
3/31/2025 22:37:00,LumenSync,@lumensync,@lumensync,sw222BfVDABppvydacSCj3JVaPSC83RoRtyvLmr6pNx,,,@lumensync
3/31/2025 20:42:00,ChainGroup,@chaingroup,,tri1cHBy47fPyhCvrCf6FnR7Mz6XdSoSBah2FsZVQeT,,,@chaingroup
3/31/2025 22:41:00,EpochWorks,@epochworks,@epochworks,votem3UdGx5xWFbY9EFbyZ1X2pBuswfR5yd2oB3JAaj,,,@epochworks
3/31/2025 20:44:00,ValidatorOne,@validatorone,@validatorone,vsxurakbU9y5XddhpnvbgPoZzA46osJmfXj2AXCn94c,,,@validatorone
3/31/2025 22:45:00,SolanaSync,@solanasync,@solanasync,vvvvXsU6iG2enDVvs4KeVqS4YrZczTujSv5p3dSeNHx,,,@solanasync
4/1/2025 00:48:00,EpochGroup,@epochgroup,@epochgroup,wetwJSUHT5afX3gP49q75gkz8FcCfvsw2kuSQ1UjT9R,,,@epochgroup
3/31/2025 22:49:00,ValidatorGrid,@validatorgrid,@validatorgrid,xLabsqDpN9WHXEXSJXk1yhqh5H8BgcqiBP1CR6Mkjcb,,,@validatorgrid
